timestamp,L_raw,R_raw,L_norm,R_norm,L_smooth,R_smooth,anomaly
1750793218.14681,13.101268768310547,16.07729721069336,0.59,0.96,0.59,0.96,False
1750793218.3780704,0,0,0.00,0.00,0.00,0.00,False
1750793218.5281954,12.747649192810059,8.915905952453613,0.58,0.53,0.59,0.75,False
1750793218.6687574,13.647443771362305,15.67546272277832,0.62,0.94,0.60,0.81,False
1750793218.769286,10.688879013061523,9.683113098144531,0.48,0.58,0.57,0.75,False
1750793218.8704686,0,0,0.00,0.00,0.00,0.00,False
1750793218.9941478,15.88248062133789,16.55304527282715,0.72,0.99,0.60,0.80,False
1750793219.0619757,0,0,0.00,0.00,0.00,0.00,False
1750793219.1392205,8.732224464416504,9.219644546508789,0.40,0.55,0.56,0.72,False
1750793219.2232597,16.324926376342773,18.554075241088867,0.74,1.11,0.59,0.84,False
1750793219.3081686,8.139510154724121,14.430970191955566,0.37,0.87,0.54,0.82,False
1750793219.3788686,14.57748031616211,16.35696029663086,0.66,0.98,0.58,0.90,False
1750793219.479946,0,0,0.00,0.00,0.00,0.00,False
1750793219.5522757,10.259242057800293,9.552586555480957,0.46,0.57,0.53,0.82,False
1750793219.626079,11.80052375793457,15.890348434448242,0.53,0.95,0.55,0.90,False
1750793219.7082558,12.619529724121094,9.192488670349121,0.57,0.55,0.52,0.78,False
1750793219.7860467,15.4435453414917,9.917659759521484,0.70,0.59,0.59,0.73,False
1750793219.8618443,12.918209075927734,9.708344459533691,0.58,0.58,0.57,0.65,False
1750793219.934651,14.14223575592041,23.759307861328125,0.64,1.42,0.61,0.82,False
1750793220.0129838,14.14223575592041,23.759307861328125,0.64,1.42,0.63,0.92,False
1750793220.10075,11.012577056884766,16.34870147705078,0.50,0.98,0.61,1.00,False
1750793220.1767857,24.4183292388916,16.347881317138672,1.11,0.98,0.69,1.08,False
1750793220.253887,15.700418472290039,8.575323104858398,0.71,0.51,0.72,1.06,False
1750793220.4100404,15.700418472290039,8.575323104858398,0.71,0.51,0.73,0.88,False
1750793220.541975,23.83809471130371,15.811488151550293,1.08,0.95,0.82,0.79,False
1750793220.6570745,11.236202239990234,7.508598327636719,0.51,0.45,0.82,0.68,False
1750793220.788536,0,0,0.00,0.00,0.00,0.00,False
1750793220.900549,0,0,0.00,0.00,0.00,0.00,False
1750793221.0030956,0,0,0.00,0.00,0.00,0.00,False
1750793221.1094718,0,0,0.00,0.00,0.00,0.00,False
1750793221.1795533,0,0,0.00,0.00,0.00,0.00,False
1750793221.260337,0,0,0.00,0.00,0.00,0.00,False
1750793221.3441482,0,0,0.00,0.00,0.00,0.00,False
1750793221.4260235,0,0,0.00,0.00,0.00,0.00,False
1750793221.5397153,0,0,0.00,0.00,0.00,0.00,False
1750793221.6274483,0,0,0.00,0.00,0.00,0.00,False
1750793221.698353,0,0,0.00,0.00,0.00,0.00,False
1750793221.7751489,0,0,0.00,0.00,0.00,0.00,False
1750793221.8625705,0,0,0.00,0.00,0.00,0.00,False
1750793221.9413593,0,0,0.00,0.00,0.00,0.00,False
1750793222.0056238,0,0,0.00,0.00,0.00,0.00,False
1750793222.0654633,0,0,0.00,0.00,0.00,0.00,False
1750793222.1452487,0,0,0.00,0.00,0.00,0.00,False
1750793222.2090814,0,0,0.00,0.00,0.00,0.00,False
1750793222.284923,0,0,0.00,0.00,0.00,0.00,False
1750793222.360721,0,0,0.00,0.00,0.00,0.00,False
1750793222.4415064,0,0,0.00,0.00,0.00,0.00,False
1750793222.5237954,0,0,0.00,0.00,0.00,0.00,False
1750793222.6065743,10.295730590820312,9.013978004455566,0.47,0.54,0.70,0.59,False
1750793222.6953363,10.295730590820312,9.013978004455566,0.47,0.54,0.65,0.60,False
1750793222.77915,0,0,0.00,0.00,0.00,0.00,False
1750793222.8625338,0,0,0.00,0.00,0.00,0.00,False
1750793222.9303524,0,0,0.00,0.00,0.00,0.00,False
1750793222.9955916,0,0,0.00,0.00,0.00,0.00,False
1750793223.060671,0,0,0.00,0.00,0.00,0.00,False
1750793223.1244981,0,0,0.00,0.00,0.00,0.00,False
1750793223.2073576,0,0,0.00,0.00,0.00,0.00,False
1750793223.3074613,0,0,0.00,0.00,0.00,0.00,False
1750793223.4166155,0,0,0.00,0.00,0.00,0.00,False
1750793223.5010455,0,0,0.00,0.00,0.00,0.00,False
1750793223.5665877,0,0,0.00,0.00,0.00,0.00,False
1750793223.636399,0,0,0.00,0.00,0.00,0.00,False
1750793223.7022238,0,0,0.00,0.00,0.00,0.00,False
1750793223.7845395,13.601571083068848,12.747649192810059,0.62,0.76,0.63,0.65,False
1750793223.8593383,0,0,0.00,0.00,0.00,0.00,False
1750793223.936134,12.839103698730469,12.92735481262207,0.58,0.78,0.53,0.61,False
1750793224.0039544,0,0,0.00,0.00,0.00,0.00,False
1750793224.0748641,0,0,0.00,0.00,0.00,0.00,False
1750793224.150872,11.280613899230957,11.629803657531738,0.51,0.70,0.53,0.66,False
1750793224.2216825,0,0,0.00,0.00,0.00,0.00,False
1750793224.327913,13.351628303527832,8.005722999572754,0.60,0.48,0.56,0.65,False
1750793224.436652,0,0,0.00,0.00,0.00,0.00,False
1750793224.5675695,13.463011741638184,12.769139289855957,0.61,0.77,0.58,0.70,False
1750793224.6855705,0,0,0.00,0.00,0.00,0.00,False
1750793224.8341033,10.977349281311035,12.083146095275879,0.50,0.72,0.56,0.69,False
1750793224.9548547,15.66055965423584,13.153046607971191,0.71,0.79,0.59,0.69,False
1750793225.0505202,0,0,0.00,0.00,0.00,0.00,False
1750793225.1361208,9.233860969543457,10.198139190673828,0.42,0.61,0.57,0.67,False
1750793225.2514768,10.12432861328125,12.16562557220459,0.46,0.73,0.54,0.72,False
1750793225.3338115,11.236202239990234,13.546367645263672,0.51,0.81,0.52,0.73,False
1750793225.4066157,9.617792129516602,9.013978004455566,0.44,0.54,0.51,0.70,False
1750793225.4963758,13.124505043029785,10.523909568786621,0.59,0.63,0.48,0.67,False
1750793225.6085413,0,0,0.00,0.00,0.00,0.00,False
1750793225.72955,0,0,0.00,0.00,0.00,0.00,False
1750793225.8393056,0,0,0.00,0.00,0.00,0.00,False
1750793225.9275684,9.945240020751953,9.823541641235352,0.45,0.59,0.49,0.66,False
1750793226.0203233,14.560319900512695,10.198139190673828,0.66,0.61,0.53,0.64,False
1750793226.1167796,12.980854988098145,8.732224464416504,0.59,0.52,0.55,0.58,False
1750793226.206539,12.980854988098145,5.852449893951416,0.59,0.35,0.58,0.54,False
1750793226.3001864,9.39835262298584,8.139510154724121,0.43,0.49,0.54,0.51,False
1750793226.3740163,0,0,0.00,0.00,0.00,0.00,False
1750793226.4587867,12.980854988098145,10.198139190673828,0.59,0.61,0.57,0.52,False
1750793226.538702,0,0,0.00,0.00,0.00,0.00,False
1750793226.620662,0,0,0.00,0.00,0.00,0.00,False
1750793226.6917214,0,0,0.00,0.00,0.00,0.00,False
1750793226.7725031,14.430970191955566,8.01570987701416,0.65,0.48,0.57,0.49,False
1750793226.8478327,0,0,0.00,0.00,0.00,0.00,False
1750793226.9296153,0,0,0.00,0.00,0.00,0.00,False
1750793227.014385,0,0,0.00,0.00,0.00,0.00,False
1750793227.085699,0,0,0.00,0.00,0.00,0.00,False
1750793227.1505253,0,0,0.00,0.00,0.00,0.00,False
1750793227.2303133,0,0,0.00,0.00,0.00,0.00,False
1750793227.313119,0,0,0.00,0.00,0.00,0.00,False
1750793227.3903782,0,0,0.00,0.00,0.00,0.00,False
1750793227.4741538,0,0,0.00,0.00,0.00,0.00,False
1750793227.556349,0,0,0.00,0.00,0.00,0.00,False
1750793227.6338234,0,0,0.00,0.00,0.00,0.00,False
1750793227.7201047,0,0,0.00,0.00,0.00,0.00,False
1750793227.7998874,0,0,0.00,0.00,0.00,0.00,False
1750793227.8859696,0,0,0.00,0.00,0.00,0.00,False
1750793227.9672854,0,0,0.00,0.00,0.00,0.00,False
1750793228.053698,0,0,0.00,0.00,0.00,0.00,False
1750793228.1595843,0,0,0.00,0.00,0.00,0.00,False
1750793228.2485354,0,0,0.00,0.00,0.00,0.00,False
1750793228.3303177,12.630000114440918,10.79361629486084,0.57,0.65,0.57,0.52,False
1750793228.4704697,0,0,0.00,0.00,0.00,0.00,False
1750793228.5832458,0,0,0.00,0.00,0.00,0.00,False
1750793228.6858137,0,0,0.00,0.00,0.00,0.00,False
1750793228.7777362,0,0,0.00,0.00,0.00,0.00,False
1750793228.8655932,13.238302230834961,11.10190200805664,0.60,0.67,0.57,0.58,False
1750793228.953358,13.173177719116211,9.260136604309082,0.60,0.56,0.60,0.59,False
1750793229.0403087,0,0,0.00,0.00,0.00,0.00,False
1750793229.1346157,9.60478687286377,9.013978004455566,0.43,0.54,0.57,0.58,False
1750793229.22241,11.629803657531738,12.083146095275879,0.53,0.72,0.55,0.63,False
1750793229.311218,11.629803657531738,12.083146095275879,0.53,0.72,0.54,0.64,False
1750793229.4269435,0,13.019700050354004,0.00,0.78,0.42,0.67,False
1750793229.5087202,10.868613243103027,7.500100135803223,0.49,0.45,0.40,0.64,False
1750793229.6054637,10.868613243103027,7.500100135803223,0.49,0.45,0.41,0.63,False
1750793229.7027817,7.690798759460449,8.271566390991211,0.35,0.50,0.37,0.58,False
1750793229.795532,11.180439949035645,8.435039520263672,0.51,0.51,0.37,0.54,False
1750793229.8813028,9.65670394897461,12.855060577392578,0.44,0.77,0.46,0.53,False
1750793229.9750524,11.128742218017578,8.416236877441406,0.50,0.50,0.46,0.55,False
1750793230.0688024,0,8.384974479675293,0.00,0.50,0.36,0.56,False
1750793230.1615758,10.578771591186523,13.416507720947266,0.48,0.80,0.39,0.62,False
1750793230.2543287,10.578771591186523,13.416507720947266,0.48,0.80,0.38,0.68,False
1750793230.369051,0,0,0.00,0.00,0.00,0.00,False
1750793230.4537733,11.068072319030762,11.413626670837402,0.50,0.68,0.39,0.66,False
1750793230.5561063,7.905794143676758,11.672718048095703,0.36,0.70,0.36,0.70,False
1750793230.6405976,8.139510154724121,13.656599998474121,0.37,0.82,0.44,0.76,False
1750793230.733593,13.838899612426758,13.209944725036621,0.63,0.79,0.47,0.76,False
1750793230.8293352,0,12.971221923828125,0.00,0.78,0.37,0.75,False
1750793230.9011462,14.178267478942871,8.25178337097168,0.64,0.49,0.40,0.72,False
1750793230.9947195,7.390310764312744,7.639644145965576,0.33,0.46,0.39,0.67,False
1750793231.085477,7.826338291168213,13.647443771362305,0.35,0.82,0.39,0.67,False
1750793231.1843314,0,13.416507720947266,0.00,0.80,0.27,0.67,False
1750793231.282069,10.547611236572266,12.747649192810059,0.48,0.76,0.36,0.67,False
1750793231.3698373,0,0,0.00,0.00,0.00,0.00,False
1750793231.4546502,0,0,0.00,0.00,0.00,0.00,False
1750793231.5454082,9.617792129516602,11.768702507019043,0.44,0.71,0.32,0.71,False
1750793231.6381617,13.777366638183594,13.124505043029785,0.62,0.79,0.38,0.78,False
1750793231.7228694,0,0,0.00,0.00,0.00,0.00,False
1750793231.8073363,0,0,0.00,0.00,0.00,0.00,False
1750793231.8901153,0,0,0.00,0.00,0.00,0.00,False
1750793231.9738927,0,0,0.00,0.00,0.00,0.00,False
1750793232.058737,0,0,0.00,0.00,0.00,0.00,False
1750793232.1295497,14.705541610717773,13.687761306762695,0.67,0.82,0.44,0.78,False
1750793232.1963706,0,0,0.00,0.00,0.00,0.00,False
1750793232.2691793,0,0,0.00,0.00,0.00,0.00,False
1750793232.33899,0,0,0.00,0.00,0.00,0.00,False
1750793232.420772,0,0,0.00,0.00,0.00,0.00,False
1750793232.4990792,0,0,0.00,0.00,0.00,0.00,False
1750793232.564905,0,0,0.00,0.00,0.00,0.00,False
1750793232.638917,0,0,0.00,0.00,0.00,0.00,False
1750793232.7275455,0,0,0.00,0.00,0.00,0.00,False
1750793232.8150535,0,8.167723655700684,0.00,0.49,0.44,0.71,False
1750793232.9105074,21.377656936645508,8.20071029663086,0.97,0.49,0.54,0.66,False
1750793232.9882503,20.796733856201172,14.338543891906738,0.94,0.86,0.64,0.69,False
1750793233.0615337,8.846003532409668,13.928488731384277,0.40,0.84,0.60,0.70,False
1750793233.1971629,0,7.554995536804199,0.00,0.45,0.46,0.63,False
1750793233.3452854,15.787753105163574,8.173075675964355,0.71,0.49,0.60,0.63,False
1750793233.427959,13.559598922729492,7.590480327606201,0.61,0.46,0.53,0.62,False
1750793233.5178201,8.876665115356445,7.810349941253662,0.40,0.47,0.43,0.54,False
1750793233.603067,0,0,0.00,0.00,0.00,0.00,False
1750793233.6802292,0,0,0.00,0.00,0.00,0.00,False
1750793233.7633746,0,0,0.00,0.00,0.00,0.00,False
1750793233.8491461,0,0,0.00,0.00,0.00,0.00,False
1750793233.9349184,0,0,0.00,0.00,0.00,0.00,False
1750793234.0699031,0,0,0.00,0.00,0.00,0.00,False
1750793234.2008893,10.056938171386719,13.997957229614258,0.46,0.84,0.44,0.54,False
1750793234.2893472,14.153319358825684,7.987654209136963,0.64,0.48,0.57,0.55,False
1750793234.3686774,15.377213478088379,8.44636058807373,0.70,0.51,0.56,0.55,False
1750793234.448465,0,0,0.00,0.00,0.00,0.00,False
1750793234.5307755,0,0,0.00,0.00,0.00,0.00,False
1750793234.617297,0,0,0.00,0.00,0.00,0.00,False
1750793234.7034073,0,0,0.00,0.00,0.00,0.00,False
1750793234.7802033,0,0,0.00,0.00,0.00,0.00,False
1750793234.861318,0,0,0.00,0.00,0.00,0.00,False
1750793234.957062,9.477728843688965,8.689760208129883,0.43,0.52,0.52,0.56,False
1750793235.062506,0,0,0.00,0.00,0.00,0.00,False
1750793235.1689253,14.31792163848877,8.424442291259766,0.65,0.51,0.57,0.57,False
1750793235.265811,14.31792163848877,8.769413948059082,0.65,0.53,0.61,0.51,False
1750793235.3528636,13.712916374206543,5.590270042419434,0.62,0.34,0.61,0.48,False
1750793235.4466128,13.913585662841797,8.90234661102295,0.63,0.53,0.60,0.48,False
1750793235.5379076,13.656599998474121,8.514793395996094,0.62,0.51,0.63,0.48,False
1750793235.629793,12.956639289855957,8.309463500976562,0.59,0.50,0.62,0.48,False
1750793235.7151763,13.200478553771973,8.147200584411621,0.60,0.49,0.61,0.47,False
1750793235.7939649,13.601571083068848,8.408812522888184,0.62,0.50,0.61,0.51,False
1750793235.8847232,13.045161247253418,8.037333488464355,0.59,0.48,0.60,0.50,False
1750793235.9750051,13.865524291992188,9.013978004455566,0.63,0.54,0.60,0.50,False
1750793236.065076,13.038504600524902,8.351333618164062,0.59,0.50,0.60,0.50,False
1750793236.1555867,12.267536163330078,8.712076187133789,0.56,0.52,0.60,0.51,False
1750793236.2436209,13.601571083068848,8.24631118774414,0.62,0.49,0.60,0.51,False
1750793236.318971,12.349188804626465,9.755669593811035,0.56,0.59,0.59,0.53,False
1750793236.403745,13.509356498718262,16.278919219970703,0.61,0.98,0.59,0.62,False
1750793236.483532,12.020915031433105,9.616753578186035,0.54,0.58,0.58,0.63,False
1750793236.561376,13.285429954528809,16.69607925415039,0.60,1.00,0.59,0.73,False
1750793236.6375608,14.560319900512695,6.96429443359375,0.66,0.42,0.60,0.71,False
1750793236.7270803,14.035768508911133,21.377656936645508,0.64,1.28,0.61,0.85,False
1750793236.807865,0,0,0.00,0.00,0.00,0.00,False
1750793236.8716912,13.997957229614258,8.241610527038574,0.63,0.49,0.61,0.75,False
1750793236.9360695,13.647443771362305,8.485625267028809,0.62,0.51,0.63,0.74,False
1750793237.0119808,12.657275199890137,8.552628517150879,0.57,0.51,0.62,0.64,False
1750793237.0986354,14.151071548461914,9.899595260620117,0.64,0.59,0.62,0.68,False
1750793237.1674528,12.257750511169434,9.15488052368164,0.55,0.55,0.60,0.53,False
1750793237.255217,13.601571083068848,10.019612312316895,0.62,0.60,0.60,0.55,False
1750793237.3569484,13.601571083068848,10.019612312316895,0.62,0.60,0.60,0.57,False
1750793237.4431655,8.928034782409668,9.013978004455566,0.40,0.54,0.57,0.58,False
1750793237.5300808,14.396280288696289,8.975375175476074,0.65,0.54,0.57,0.57,False
1750793237.6046817,0,0,0.00,0.00,0.00,0.00,False
1750793237.6866038,0,0,0.00,0.00,0.00,0.00,False
1750793237.7699037,0,0,0.00,0.00,0.00,0.00,False
1750793237.859665,13.315901756286621,8.736767768859863,0.60,0.52,0.58,0.56,False
1750793237.9490037,13.313627243041992,8.602425575256348,0.60,0.52,0.58,0.54,False
1750793238.0307813,0,0,0.00,0.00,0.00,0.00,False
1750793238.1086645,0,0,0.00,0.00,0.00,0.00,False
1750793238.1704996,11.6765718460083,8.553160667419434,0.53,0.51,0.56,0.53,False
1750793238.2393153,10.295730590820312,9.295282363891602,0.47,0.56,0.57,0.53,False
1750793238.3280778,10.295730590820312,9.295282363891602,0.47,0.56,0.53,0.53,False
1750793238.4088619,9.309389114379883,8.735248565673828,0.42,0.52,0.50,0.53,False
1750793238.4970899,9.309389114379883,8.735248565673828,0.42,0.52,0.46,0.54,False
1750793238.575878,0,0,0.00,0.00,0.00,0.00,False
1750793238.656977,0,0,0.00,0.00,0.00,0.00,False
1750793238.7255657,9.559136390686035,15.041708946228027,0.43,0.90,0.44,0.61,False
1750793238.8030434,9.559136390686035,15.041708946228027,0.43,0.90,0.43,0.68,False
1750793238.8858204,9.22443962097168,8.86269474029541,0.42,0.53,0.43,0.68,False
1750793238.9731405,9.92965316772461,8.602425575256348,0.45,0.52,0.43,0.68,False
1750793239.0648954,9.92965316772461,8.602425575256348,0.45,0.52,0.44,0.67,False
1750793239.1379871,9.984810829162598,9.420289993286133,0.45,0.56,0.44,0.61,False
1750793239.218772,0,0,0.00,0.00,0.00,0.00,False
1750793239.3105245,10.12432861328125,10.400279998779297,0.46,0.62,0.45,0.55,False
1750793239.4012845,15.290822982788086,9.401015281677246,0.69,0.56,0.50,0.56,False
1750793239.496029,10.700567245483398,16.12635612487793,0.48,0.97,0.51,0.65,False
1750793239.587971,10.404426574707031,9.464998245239258,0.47,0.57,0.51,0.66,False
1750793239.6846588,9.434081077575684,9.708344459533691,0.43,0.58,0.51,0.66,False
1750793239.7772937,0,0,0.00,0.00,0.00,0.00,False
1750793239.862392,10.404426574707031,10.226615905761719,0.47,0.61,0.51,0.66,False
1750793239.9465067,10.404426574707031,10.226615905761719,0.47,0.61,0.46,0.67,False
1750793240.037265,10.12432861328125,9.912717819213867,0.46,0.59,0.46,0.59,False
1750793240.1275303,10.12432861328125,9.912717819213867,0.46,0.59,0.46,0.60,False
1750793240.213301,14.916534423828125,9.777838706970215,0.68,0.59,0.51,0.60,False
1750793240.3005526,9.338831901550293,9.6427001953125,0.42,0.58,0.50,0.59,False
1750793240.3937829,10.700567245483398,9.617792129516602,0.48,0.58,0.50,0.59,False
1750793240.4870994,10.700567245483398,9.617792129516602,0.48,0.58,0.51,0.58,False
1750793240.571874,15.692455291748047,9.091032981872559,0.71,0.55,0.56,0.57,False
1750793240.6561506,15.264437675476074,9.379880905151367,0.69,0.56,0.56,0.57,False
1750793240.7367518,0,0,0.00,0.00,0.00,0.00,False
1750793240.8226483,0,0,0.00,0.00,0.00,0.00,False
1750793240.9134026,15.984090805053711,10.150146484375,0.72,0.61,0.62,0.57,False
1750793240.9941888,9.466780662536621,10.0319185256958,0.43,0.60,0.61,0.58,False
1750793241.08401,9.974096298217773,10.479471206665039,0.45,0.63,0.60,0.59,False
1750793241.174767,10.547611236572266,9.31928539276123,0.48,0.56,0.55,0.59,False
1750793241.2665226,15.008431434631348,8.925661087036133,0.68,0.54,0.55,0.59,False
1750793241.3504357,0,0,0.00,0.00,0.00,0.00,False
1750793241.4362066,0,0,0.00,0.00,0.00,0.00,False
1750793241.5284584,14.714038848876953,8.549905776977539,0.67,0.51,0.54,0.57,False
1750793241.6202126,15.207006454467773,14.23214054107666,0.69,0.85,0.59,0.62,False
1750793241.7059846,9.60478687286377,14.610790252685547,0.43,0.88,0.59,0.67,False
1750793241.7982557,15.89979362487793,9.278220176696777,0.72,0.56,0.64,0.67,False
1750793241.8890133,15.890348434448242,9.300638198852539,0.72,0.56,0.65,0.67,False
1750793241.986954,15.11227798461914,9.954136848449707,0.68,0.60,0.65,0.69,False
1750793242.0774925,9.552586555480957,9.954136848449707,0.43,0.60,0.60,0.64,False
1750793242.161128,14.743006706237793,14.866168975830078,0.67,0.89,0.64,0.64,False
1750793242.2599316,15.738667488098145,9.537461280822754,0.71,0.57,0.64,0.64,False
1750793242.3433318,15.890348434448242,10.30786418914795,0.72,0.62,0.64,0.66,False
1750793242.4420757,0,0,0.00,0.00,0.00,0.00,False
1750793242.5308373,15.231646537780762,8.139510154724121,0.69,0.49,0.64,0.63,False
1750793242.6046393,0,0,0.00,0.00,0.00,0.00,False
1750793242.694976,10.30786418914795,9.901473999023438,0.47,0.59,0.65,0.63,False
1750793242.777754,0,0,0.00,0.00,0.00,0.00,False
1750793242.8675158,14.534542083740234,8.846003532409668,0.66,0.53,0.65,0.56,False
1750793242.957275,14.705541610717773,14.523697853088379,0.67,0.87,0.64,0.62,False
1750793243.0400593,0,0,0.00,0.00,0.00,0.00,False
1750793243.127847,10.124605178833008,9.504416465759277,0.46,0.57,0.59,0.61,False
1750793243.2126207,13.463011741638184,7.159010887145996,0.61,0.43,0.57,0.60,False
1750793243.306259,8.745718002319336,9.013978004455566,0.40,0.54,0.56,0.59,False
1750793243.389039,0,0,0.00,0.00,0.00,0.00,False
1750793243.471887,0,0,0.00,0.00,0.00,0.00,False
1750793243.553879,0,0,0.00,0.00,0.00,0.00,False
1750793243.6371999,0,0,0.00,0.00,0.00,0.00,False
1750793243.7182138,0,0,0.00,0.00,0.00,0.00,False
1750793243.8059642,0,0,0.00,0.00,0.00,0.00,False
1750793243.894828,0,0,0.00,0.00,0.00,0.00,False
1750793243.9826367,0,0,0.00,0.00,0.00,0.00,False
1750793244.0714762,0,0,0.00,0.00,0.00,0.00,False
1750793244.1582038,0,0,0.00,0.00,0.00,0.00,False
1750793244.2429757,10.547611236572266,15.53232479095459,0.48,0.93,0.52,0.67,False
1750793244.3566506,0,0,0.00,0.00,0.00,0.00,False
1750793244.456008,22.638561248779297,6.800835609436035,1.02,0.41,0.59,0.58,False
1750793244.5474358,0,0,0.00,0.00,0.00,0.00,False
1750793244.6386335,0,0,0.00,0.00,0.00,0.00,False
1750793244.7268956,0,0,0.00,0.00,0.00,0.00,False
1750793244.813664,0,0,0.00,0.00,0.00,0.00,False
1750793244.9084086,11.70479965209961,11.510964393615723,0.53,0.69,0.61,0.60,False
1750793244.9937205,0,0,0.00,0.00,0.00,0.00,False
1750793245.0845737,13.341764450073242,10.511998176574707,0.60,0.63,0.61,0.64,False
1750793245.177418,15.692455291748047,9.65670394897461,0.71,0.58,0.67,0.65,False
1750793245.2602453,0,0,0.00,0.00,0.00,0.00,False
1750793245.3459697,0,0,0.00,0.00,0.00,0.00,False
1750793245.4107976,0,0,0.00,0.00,0.00,0.00,False
1750793245.4945753,0,0,0.00,0.00,0.00,0.00,False
1750793245.5795846,0,0,0.00,0.00,0.00,0.00,False
1750793245.6613655,0,0,0.00,0.00,0.00,0.00,False
1750793245.7391572,0,0,0.00,0.00,0.00,0.00,False
1750793245.8254557,0,0,0.00,0.00,0.00,0.00,False
1750793245.9082346,0,0,0.00,0.00,0.00,0.00,False
1750793245.99999,12.369417190551758,15.811488151550293,0.56,0.95,0.69,0.65,False
1750793246.0831273,13.946425437927246,0,0.63,0.00,0.61,0.57,False
1750793246.1639125,14.40017318725586,0,0.65,0.00,0.63,0.43,False
1750793246.2446969,10.606701850891113,7.905794143676758,0.48,0.47,0.61,0.40,False
1750793246.327477,0,0,0.00,0.00,0.00,0.00,False
1750793246.4133482,0,0,0.00,0.00,0.00,0.00,False
1750793246.482536,0,0,0.00,0.00,0.00,0.00,False
1750793246.5673428,0,0,0.00,0.00,0.00,0.00,False
1750793246.6553373,0,0,0.00,0.00,0.00,0.00,False
1750793246.7280893,0,0,0.00,0.00,0.00,0.00,False
1750793246.8072424,0,0,0.00,0.00,0.00,0.00,False
1750793246.8849344,0,0,0.00,0.00,0.00,0.00,False
1750793246.9627268,0,0,0.00,0.00,0.00,0.00,False
1750793247.046504,0,0,0.00,0.00,0.00,0.00,False
1750793247.121621,0,0,0.00,0.00,0.00,0.00,False
1750793247.1939278,0,0,0.00,0.00,0.00,0.00,False
1750793247.2677305,0,0,0.00,0.00,0.00,0.00,False
1750793247.334552,0,0,0.00,0.00,0.00,0.00,False
1750793247.4140835,0,0,0.00,0.00,0.00,0.00,False
1750793247.4968636,0,0,0.00,0.00,0.00,0.00,False
1750793247.5761676,0,0,0.00,0.00,0.00,0.00,False
1750793247.6519656,0,0,0.00,0.00,0.00,0.00,False
1750793247.7338336,0,0,0.00,0.00,0.00,0.00,False
1750793247.8166127,0,0,0.00,0.00,0.00,0.00,False
1750793247.9070294,13.463011741638184,8.45541000366211,0.61,0.51,0.59,0.39,False
1750793247.9950705,13.841574668884277,8.747320175170898,0.63,0.52,0.60,0.30,False
1750793248.0687282,13.821124076843262,10.338315963745117,0.63,0.62,0.60,0.43,False
1750793248.158488,15.100107192993164,10.462413787841797,0.68,0.63,0.61,0.55,False
1750793248.2480345,14.526476860046387,17.98236656188965,0.66,1.08,0.64,0.67,False
1750793248.327331,14.526476860046387,17.98236656188965,0.66,1.08,0.65,0.79,False
1750793248.404129,0,0,0.00,0.00,0.00,0.00,False
1750793248.4700105,0,0,0.00,0.00,0.00,0.00,False
1750793248.5497382,0,0,0.00,0.00,0.00,0.00,False
1750793248.6330743,0,0,0.00,0.00,0.00,0.00,False
1750793248.721838,12.855060577392578,24.909936904907227,0.58,1.49,0.64,0.98,False
1750793248.8135908,19.65970230102539,16.286596298217773,0.89,0.98,0.69,1.05,False
1750793248.9033506,14.57748031616211,18.33721923828125,0.66,1.10,0.69,1.15,False
1750793248.9959393,25.578411102294922,17.356653213500977,1.16,1.04,0.79,1.14,False
1750793249.090383,16.688419342041016,18.66825294494629,0.76,1.12,0.81,1.15,False
1750793249.1827114,16.688419342041016,18.66825294494629,0.76,1.12,0.84,1.07,False
1750793249.278384,25.079971313476562,17.262775421142578,1.14,1.04,0.89,1.08,False
1750793249.3701398,25.079971313476562,17.262775421142578,1.14,1.04,0.99,1.07,False
1750793249.4599879,25.578411102294922,18.741764068603516,1.16,1.12,0.99,1.09,False
1750793249.5497515,20.718448638916016,17.356653213500977,0.94,1.04,1.02,1.07,False
1750793249.643498,19.65970230102539,17.755380630493164,0.89,1.06,1.05,1.06,False
1750793249.733265,13.611627578735352,17.117341995239258,0.62,1.03,0.95,1.06,False
1750793249.8280134,19.72951889038086,17.241039276123047,0.89,1.03,0.90,1.06,False
1750793249.9247546,25.045059204101562,14.14223575592041,1.13,0.85,0.89,1.00,False
1750793250.020499,18.560810089111328,13.620390892028809,0.84,0.82,0.87,0.96,False
1750793250.1132503,25.020092010498047,13.341764450073242,1.13,0.80,0.92,0.91,False
1750793250.2109885,13.729630470275879,13.82941722869873,0.62,0.83,0.92,0.87,False
1750793250.297759,0,0,0.00,0.00,0.00,0.00,False
1750793250.3805413,18.027854919433594,12.659089088439941,0.82,0.76,0.91,0.81,False
1750793250.4712934,14.044716835021973,13.153046607971191,0.64,0.79,0.81,0.80,False
1750793250.5700507,25.495197296142578,12.855060577392578,1.15,0.77,0.87,0.79,False
1750793250.667817,14.080227851867676,13.341764450073242,0.64,0.80,0.77,0.79,False
1750793250.7574959,0,0,0.00,0.00,0.00,0.00,False
1750793250.8392732,0,0,0.00,0.00,0.00,0.00,False
1750793250.9281595,0,0,0.00,0.00,0.00,0.00,False
1750793251.01413,0,0,0.00,0.00,0.00,0.00,False
1750793251.1057467,17.066146850585938,14.221562385559082,0.77,0.85,0.80,0.79,False
1750793251.1985211,10.198139190673828,13.086352348327637,0.46,0.78,0.73,0.80,False
1750793251.2982316,10.30786418914795,12.500100135803223,0.47,0.75,0.70,0.79,False
1750793251.3766227,10.735555648803711,13.729630470275879,0.49,0.82,0.56,0.80,False
1750793251.4780297,15.9186372756958,9.013978004455566,0.72,0.54,0.58,0.75,False
1750793251.5509107,14.637381553649902,10.440406799316406,0.66,0.63,0.56,0.70,False
1750793251.6325824,10.977349281311035,8.24631118774414,0.50,0.49,0.57,0.65,False
1750793251.7254686,0,8.281350135803223,0.00,0.50,0.47,0.60,False
1750793251.8147962,10.965956687927246,9.34087085723877,0.50,0.56,0.48,0.54,False
1750793251.906549,15.041708946228027,8.544103622436523,0.68,0.51,0.47,0.54,False
1750793251.9983263,15.628600120544434,9.734746932983398,0.71,0.58,0.48,0.53,False
1750793252.087089,16.919023513793945,8.381627082824707,0.77,0.50,0.53,0.53,False
1750793252.1739807,18.200374603271484,15.53933334350586,0.82,0.93,0.69,0.62,False
1750793252.2696936,17.614013671875,20.579345703125,0.80,1.23,0.76,0.75,False
1750793252.3583639,19.105072021484375,26.305992126464844,0.86,1.58,0.79,0.97,False
1750793252.4491217,19.006677627563477,12.855060577392578,0.86,0.77,0.82,1.00,False
1750793252.5259433,17.9514217376709,10.72053337097168,0.81,0.64,0.83,1.03,False
1750793252.5927649,17.713973999023438,11.947484016418457,0.80,0.72,0.83,0.99,False
1750793252.6645737,17.713973999023438,11.947484016418457,0.80,0.72,0.83,0.88,False
1750793252.7463534,10.815489768981934,19.66616439819336,0.49,1.18,0.75,0.81,False
1750793252.8161678,10.895925521850586,20.12495994567871,0.49,1.21,0.68,0.89,False
1750793252.9039323,11.100281715393066,20.16204071044922,0.50,1.21,0.62,1.01,False
1750793252.9877074,0,0,0.00,0.00,0.00,0.00,False
1750793253.0710263,0,0,0.00,0.00,0.00,0.00,False
1750793253.1558006,16.37843894958496,8.806483268737793,0.74,0.53,0.61,0.97,False
1750793253.2209532,0,0,0.00,0.00,0.00,0.00,False
1750793253.2817907,0,0,0.00,0.00,0.00,0.00,False
1750793253.362191,0,0,0.00,0.00,0.00,0.00,False
1750793253.4429736,0,0,0.00,0.00,0.00,0.00,False
1750793253.5257506,0,0,0.00,0.00,0.00,0.00,False
1750793253.6120858,0,0,0.00,0.00,0.00,0.00,False
1750793253.702306,0,0,0.00,0.00,0.00,0.00,False
1750793253.792096,0,0,0.00,0.00,0.00,0.00,False
1750793253.8709207,0,0,0.00,0.00,0.00,0.00,False
1750793253.9407358,0,0,0.00,0.00,0.00,0.00,False
1750793254.0245101,0,0,0.00,0.00,0.00,0.00,False
1750793254.1098773,0,0,0.00,0.00,0.00,0.00,False
1750793254.194651,0,0,0.00,0.00,0.00,0.00,False
1750793254.2809482,0,0,0.00,0.00,0.00,0.00,False
1750793254.3667183,0,0,0.00,0.00,0.00,0.00,False
1750793254.4494703,0,0,0.00,0.00,0.00,0.00,False
1750793254.5342445,0,0,0.00,0.00,0.00,0.00,False
1750793254.6188014,0,0,0.00,0.00,0.00,0.00,False
1750793254.6963718,0,0,0.00,0.00,0.00,0.00,False
1750793254.7807622,0,0,0.00,0.00,0.00,0.00,False
1750793254.866064,0,0,0.00,0.00,0.00,0.00,False
1750793254.9514422,0,0,0.00,0.00,0.00,0.00,False
1750793255.0352168,0,0,0.00,0.00,0.00,0.00,False
1750793255.1210213,0,0,0.00,0.00,0.00,0.00,False
1750793255.2037683,0,0,0.00,0.00,0.00,0.00,False
1750793255.286545,0,0,0.00,0.00,0.00,0.00,False
1750793255.358374,0,0,0.00,0.00,0.00,0.00,False
1750793255.4381614,0,0,0.00,0.00,0.00,0.00,False
1750793255.517949,0,0,0.00,0.00,0.00,0.00,False
1750793255.5917501,0,0,0.00,0.00,0.00,0.00,False
1750793255.674996,0,0,0.00,0.00,0.00,0.00,False
1750793255.7604456,0,0,0.00,0.00,0.00,0.00,False
1750793255.845839,0,0,0.00,0.00,0.00,0.00,False
1750793255.9321306,0,0,0.00,0.00,0.00,0.00,False
1750793256.0093894,0,0,0.00,0.00,0.00,0.00,False
1750793256.0776193,0,0,0.00,0.00,0.00,0.00,False
1750793256.151563,0,0,0.00,0.00,0.00,0.00,False
1750793256.2163892,0,0,0.00,0.00,0.00,0.00,False
1750793256.2931838,0,0,0.00,0.00,0.00,0.00,False
1750793256.3760266,0,0,0.00,0.00,0.00,0.00,False
1750793256.4598033,0,0,0.00,0.00,0.00,0.00,False
1750793256.5375962,0,0,0.00,0.00,0.00,0.00,False
1750793256.5934453,0,0,0.00,0.00,0.00,0.00,False
1750793256.6624694,0,0,0.00,0.00,0.00,0.00,False
1750793256.7482414,0,0,0.00,0.00,0.00,0.00,False
1750793256.8300283,0,0,0.00,0.00,0.00,0.00,False
1750793256.9157932,0,0,0.00,0.00,0.00,0.00,False
1750793256.9985716,0,0,0.00,0.00,0.00,0.00,False
1750793257.0876951,26.669370651245117,0,1.21,0.00,0.69,0.82,False
1750793257.1774538,26.669370651245117,0,1.21,0.00,0.83,0.59,False
1750793257.2602339,0,0,0.00,0.00,0.00,0.00,False
1750793257.329182,0,0,0.00,0.00,0.00,0.00,False
1750793257.401984,0,0,0.00,0.00,0.00,0.00,False
1750793257.4688299,0,0,0.00,0.00,0.00,0.00,False
1750793257.5507019,0,0,0.00,0.00,0.00,0.00,False
1750793257.6215138,0,0,0.00,0.00,0.00,0.00,False
1750793257.7136211,18.554075241088867,19.34034538269043,0.84,1.16,0.90,0.58,False
1750793257.8074207,18.828269958496094,18.989965438842773,0.85,1.14,0.97,0.57,False
1750793257.895599,18.681640625,18.960323333740234,0.85,1.14,0.99,0.69,False
1750793257.9869144,18.681640625,18.960323333740234,0.85,1.14,0.92,0.91,False
1750793258.057965,18.33721923828125,18.828269958496094,0.83,1.13,0.84,1.14,False
1750793258.1444187,11.011457443237305,18.554075241088867,0.50,1.11,0.77,1.13,False
1750793258.2584312,18.43918800354004,18.635894775390625,0.83,1.12,0.77,1.13,False
1750793258.3602393,18.33721923828125,18.635894775390625,0.83,1.12,0.77,1.12,False
1750793258.4544206,18.43918800354004,18.751264572143555,0.83,1.12,0.77,1.12,False
1750793258.5404987,18.33721923828125,18.927040100097656,0.83,1.14,0.77,1.12,False
1750793258.6302605,18.24838638305664,25.816879272460938,0.83,1.55,0.83,1.21,False
1750793258.7030652,18.33721923828125,18.927593231201172,0.83,1.14,0.83,1.21,False
1750793258.775871,18.741764068603516,26.386648178100586,0.85,1.58,0.83,1.31,False
1750793258.861998,18.33721923828125,18.751264572143555,0.83,1.12,0.83,1.31,False
1750793258.9457738,7.6352763175964355,25.899089813232422,0.35,1.55,0.74,1.39,False
1750793259.0275543,10.816754341125488,25.811918258666992,0.49,1.55,0.67,1.39,False
1750793259.0973685,10.816754341125488,25.811918258666992,0.49,1.55,0.60,1.47,True
1750793259.1901202,19.319778442382812,18.354543685913086,0.87,1.10,0.61,1.37,False
1750793259.2868621,19.489086151123047,18.222139358520508,0.88,1.09,0.62,1.37,False
1750793259.3751419,19.319778442382812,18.20340919494629,0.87,1.09,0.72,1.28,False
1750793259.4663832,20.304039001464844,18.43918800354004,0.92,1.11,0.81,1.19,False
1750793259.5581374,20.0968017578125,17.630746841430664,0.91,1.06,0.89,1.09,False
1750793259.6530511,0,17.8033390045166,0.00,1.07,0.72,1.08,False
1750793259.7413793,19.613046646118164,0,0.89,0.00,0.72,0.86,False
1750793259.8301399,20.285741806030273,17.903308868408203,0.92,1.07,0.73,0.86,False
1750793259.9228916,20.658119201660156,17.58601188659668,0.94,1.05,0.73,0.85,False
1750793260.0141375,0,17.249523162841797,0.00,1.03,0.55,0.85,False
1750793260.1054237,10.547611236572266,16.978025436401367,0.48,1.02,0.64,0.84,False
1750793260.1970038,7.566473007202148,18.741764068603516,0.34,1.12,0.53,1.06,False
1750793260.2837713,16.278919219970703,25.811918258666992,0.74,1.55,0.50,1.16,False
1750793260.370539,13.656599998474121,19.45244026184082,0.62,1.17,0.44,1.18,False
1750793260.4613495,18.741764068603516,26.80028533935547,0.85,1.61,0.60,1.29,False
1750793260.5468004,18.828269958496094,0,0.85,0.00,0.68,1.09,False
1750793260.6482081,18.741764068603516,20.24855613708496,0.85,1.21,0.78,1.11,False
1750793260.7381837,18.741764068603516,19.5490779876709,0.85,1.17,0.80,1.03,False
1750793260.8301387,18.741764068603516,19.577922821044922,0.85,1.17,0.85,1.03,False
1750793260.9228916,19.242141723632812,19.577922821044922,0.87,1.17,0.85,0.95,False
1750793261.0146682,11.224522590637207,20.014373779296875,0.51,1.20,0.78,1.19,False
1750793261.123573,19.685537338256836,20.421066284179688,0.89,1.22,0.79,1.19,False
1750793261.2322829,19.235483169555664,27.372529983520508,0.87,1.64,0.80,1.28,False
1750793261.3455024,10.79361629486084,15.524274826049805,0.49,0.93,0.73,1.23,False
1750793261.457429,10.511998176574707,20.500099182128906,0.48,1.23,0.65,1.25,False
1750793261.5617056,19.319778442382812,0,0.87,0.00,0.72,1.01,False
1750793261.6514657,18.741764068603516,20.718448638916016,0.85,1.24,0.71,1.01,False
1750793261.7340217,0,0,0.00,0.00,0.00,0.00,False
1750793261.8208418,0,0,0.00,0.00,0.00,0.00,False
1750793261.9040172,0,0,0.00,0.00,0.00,0.00,False
1750793261.9878135,0,0,0.00,0.00,0.00,0.00,False
1750793262.0718586,0,0,0.00,0.00,0.00,0.00,False
1750793262.1556807,0,0,0.00,0.00,0.00,0.00,False
1750793262.2354658,0,0,0.00,0.00,0.00,0.00,False
1750793262.2967331,0,0,0.00,0.00,0.00,0.00,False
1750793262.3745263,0,0,0.00,0.00,0.00,0.00,False
1750793262.4573038,0,0,0.00,0.00,0.00,0.00,False
1750793262.5381002,0,0,0.00,0.00,0.00,0.00,False
1750793262.6236093,0,0,0.00,0.00,0.00,0.00,False
1750793262.7053921,0,0,0.00,0.00,0.00,0.00,False
1750793262.7871923,0,0,0.00,0.00,0.00,0.00,False
1750793262.8783965,0,0,0.00,0.00,0.00,0.00,False
1750793262.9568815,0,0,0.00,0.00,0.00,0.00,False
1750793263.052444,0,0,0.00,0.00,0.00,0.00,False
1750793263.121532,0,0,0.00,0.00,0.00,0.00,False
1750793263.198329,0,0,0.00,0.00,0.00,0.00,False
1750793263.284492,0,0,0.00,0.00,0.00,0.00,False
1750793263.368113,0,0,0.00,0.00,0.00,0.00,False
1750793263.4508817,0,0,0.00,0.00,0.00,0.00,False
1750793263.539642,13.000100135803223,21.58713150024414,0.59,1.29,0.66,0.94,False
1750793263.6184297,0,0,0.00,0.00,0.00,0.00,False
1750793263.7015111,0,0,0.00,0.00,0.00,0.00,False
1750793263.7828221,0,0,0.00,0.00,0.00,0.00,False
1750793263.8765674,19.319778442382812,19.924957275390625,0.87,1.19,0.73,0.99,False
1750793263.9589438,19.65970230102539,20.554903030395508,0.89,1.23,0.82,0.99,False
1750793264.0429254,0,0,0.00,0.00,0.00,0.00,False
1750793264.1272821,0,0,0.00,0.00,0.00,0.00,False
1750793264.2080672,0,0,0.00,0.00,0.00,0.00,False
1750793264.2818696,0,0,0.00,0.00,0.00,0.00,False
1750793264.3519402,19.131515502929688,21.66227912902832,0.87,1.30,0.81,1.25,False
1750793264.419762,0,0,0.00,0.00,0.00,0.00,False
1750793264.5025735,0,0,0.00,0.00,0.00,0.00,False
1750793264.5954797,18.748607635498047,20.718448638916016,0.85,1.24,0.81,1.25,False
1750793264.6897857,19.235483169555664,21.66227912902832,0.87,1.30,0.87,1.25,False
1750793264.7807775,19.235483169555664,21.66227912902832,0.87,1.30,0.87,1.27,False
1750793264.8680065,0,0,0.00,0.00,0.00,0.00,False
1750793264.9517767,0,0,0.00,0.00,0.00,0.00,False
1750793265.0345557,0,0,0.00,0.00,0.00,0.00,False
1750793265.1183307,0,0,0.00,0.00,0.00,0.00,False
1750793265.2158036,0,0,0.00,0.00,0.00,0.00,False
1750793265.3091438,0,0,0.00,0.00,0.00,0.00,False
1750793265.3900132,0,0,0.00,0.00,0.00,0.00,False
1750793265.4789069,0,0,0.00,0.00,0.00,0.00,False
1750793265.5656755,0,0,0.00,0.00,0.00,0.00,False
1750793265.6504273,0,0,0.00,0.00,0.00,0.00,False
1750793265.735698,0,0,0.00,0.00,0.00,0.00,False
1750793265.8180761,0,0,0.00,0.00,0.00,0.00,False
1750793265.9018548,0,0,0.00,0.00,0.00,0.00,False
1750793265.9845407,0,0,0.00,0.00,0.00,0.00,False
1750793266.0603364,0,0,0.00,0.00,0.00,0.00,False
1750793266.1391246,0,0,0.00,0.00,0.00,0.00,False
1750793266.2129285,0,0,0.00,0.00,0.00,0.00,False
1750793266.3046823,17.53580093383789,19.300357818603516,0.79,1.16,0.85,1.26,False
1750793266.3884592,0,0,0.00,0.00,0.00,0.00,False
1750793266.4802783,19.81822395324707,19.6087703704834,0.90,1.18,0.86,1.23,False
1750793266.5710373,18.554075241088867,19.45244026184082,0.84,1.17,0.85,1.22,False
1750793266.6438415,27.789485931396484,17.874725341796875,1.26,1.07,0.93,1.17,False
1750793266.7146523,27.789485931396484,17.874725341796875,1.26,1.07,1.01,1.13,False
1750793266.7994263,17.350379943847656,18.19171905517578,0.79,1.09,1.01,1.12,False
1750793266.8842015,28.28437042236328,18.24360466003418,1.28,1.09,1.08,1.10,False
1750793266.9580016,28.28437042236328,18.24360466003418,1.28,1.09,1.17,1.08,False
1750793267.0437944,10.966751098632812,18.17989158630371,0.50,1.09,1.02,1.09,False
1750793267.1337073,10.995611190795898,18.695507049560547,0.50,1.12,0.87,1.10,False
1750793267.2234683,17.585603713989258,17.76262664794922,0.80,1.07,0.87,1.09,False
1750793267.3132298,18.681640625,26.386648178100586,0.85,1.58,0.78,1.19,False
1750793267.403112,10.720174789428711,17.642749786376953,0.49,1.06,0.62,1.18,False
1750793267.5018492,10.645511627197266,26.386648178100586,0.48,1.58,0.62,1.28,False
1750793267.5953798,20.40254783630371,18.675071716308594,0.92,1.12,0.71,1.28,False
1750793267.7087967,10.803881645202637,17.4044132232666,0.49,1.04,0.65,1.28,False
1750793267.8075407,10.729174613952637,17.262775421142578,0.49,1.04,0.57,1.17,False
1750793267.8853338,11.335884094238281,26.96767234802246,0.51,1.62,0.58,1.28,False
1750793267.957142,11.11902141571045,26.476503372192383,0.50,1.59,0.58,1.28,False
1750793268.0394292,11.392375946044922,18.138795852661133,0.52,1.09,0.50,1.27,False
1750793268.1281927,11.419435501098633,18.675071716308594,0.52,1.12,0.51,1.29,False
1750793268.2179515,12.041694641113281,14.11604118347168,0.55,0.85,0.52,1.25,False
1750793268.2927516,11.392375946044922,18.741764068603516,0.52,1.12,0.52,1.15,False
1750793268.3825126,10.820661544799805,18.344036102294922,0.49,1.10,0.52,1.06,False
1750793268.4722729,11.35547924041748,26.476503372192383,0.51,1.59,0.52,1.16,False
1750793268.545078,18.200374603271484,0,0.82,0.00,0.58,0.93,False
1750793268.6150725,18.35765838623047,19.170501708984375,0.83,1.15,0.63,0.99,False
1750793268.7048326,18.854812622070312,10.72463321685791,0.85,0.64,0.70,0.90,False
1750793268.777718,18.344036102294922,11.715475082397461,0.83,0.70,0.77,0.82,False
1750793268.8575037,17.630746841430664,26.96767234802246,0.80,1.62,0.83,0.82,False
1750793268.940283,17.609317779541016,18.741764068603516,0.80,1.12,0.82,1.05,False
1750793269.0260534,17.609317779541016,18.741764068603516,0.80,1.12,0.82,1.04,False
1750793269.1039748,11.137747764587402,17.74981689453125,0.50,1.06,0.75,1.13,False
1750793269.193736,11.335884094238281,0,0.51,0.00,0.68,0.99,False
1750793269.2844937,11.137747764587402,18.679800033569336,0.50,1.12,0.62,0.89,False
1750793269.375248,11.441132545471191,0,0.52,0.00,0.57,0.66,False
1750793269.4572866,11.559127807617188,18.635894775390625,0.52,1.12,0.51,0.66,False
1750793269.539066,12.379518508911133,18.848176956176758,0.56,1.13,0.52,0.67,False
1750793269.6263945,11.35547924041748,0,0.51,0.00,0.52,0.67,False
1750793269.6942127,11.08739948272705,18.679800033569336,0.50,1.12,0.52,0.67,False
1750793269.765311,11.100282669067383,11.109302520751953,0.50,0.67,0.52,0.81,False
1750793269.8590581,18.23588752746582,18.66825294494629,0.83,1.12,0.58,0.81,False
1750793269.945432,12.020915031433105,17.10272979736328,0.54,1.03,0.58,0.79,False
1750793270.0361872,12.020915031433105,17.10272979736328,0.54,1.03,0.58,0.99,False
1750793270.1124249,17.270015716552734,19.163867950439453,0.78,1.15,0.64,1.00,False
1750793270.1991925,12.855060577392578,19.012250900268555,0.58,1.14,0.66,1.09,False
1750793270.2939398,18.349626541137695,12.041694641113281,0.83,0.72,0.66,1.01,False
1750793270.408739,18.12466812133789,10.30786418914795,0.82,0.62,0.71,0.93,False
1750793270.500881,18.152616500854492,18.828269958496094,0.82,1.13,0.77,0.95,False
1750793270.5922766,17.00558090209961,10.13803768157959,0.77,0.61,0.76,0.84,False
1750793270.6747081,11.768177032470703,12.894973754882812,0.53,0.77,0.76,0.77,False
1750793270.7624748,16.23857307434082,6.403224468231201,0.74,0.38,0.74,0.70,False
1750793270.8338144,15.572511672973633,12.800216674804688,0.70,0.77,0.71,0.73,False
1750793270.9166627,17.55714988708496,10.920265197753906,0.79,0.65,0.71,0.64,False
1750793270.9948096,16.67848014831543,9.013978004455566,0.75,0.54,0.70,0.62,False
1750793271.0625083,16.07025718688965,9.861641883850098,0.73,0.59,0.74,0.59,False
1750793271.135939,16.568140029907227,9.394247055053711,0.75,0.56,0.75,0.62,False
1750793271.2276933,16.37843894958496,10.30786418914795,0.74,0.62,0.75,0.59,False
1750793271.3194492,15.572511672973633,8.9072904586792,0.70,0.53,0.74,0.57,False
1750793271.4098136,17.564268112182617,8.746527671813965,0.80,0.52,0.74,0.57,False
1750793271.4776318,17.02948570251465,8.322121620178223,0.77,0.50,0.75,0.55,False
1750793271.5694191,16.568140029907227,7.962967395782471,0.75,0.48,0.75,0.53,False
1750793271.6562414,16.07025718688965,10.440406799316406,0.73,0.63,0.75,0.53,False
1750793271.72069,16.07025718688965,10.440406799316406,0.73,0.63,0.75,0.55,False
1750793271.7934973,17.02948570251465,10.12432861328125,0.77,0.61,0.75,0.57,False
1750793271.8772707,16.53037452697754,18.138797760009766,0.75,1.09,0.74,0.68,False
1750793271.9700243,15.572511672973633,7.842819690704346,0.70,0.47,0.74,0.68,False
1750793272.0618107,16.03131866455078,8.276573181152344,0.73,0.50,0.74,0.66,False
1750793272.1549494,16.07025718688965,10.79361629486084,0.73,0.65,0.74,0.66,False
1750793272.2556894,16.07025718688965,10.594910621643066,0.73,0.64,0.73,0.67,False
1750793272.3491976,16.07025718688965,10.594910621643066,0.73,0.64,0.72,0.58,False
1750793272.430668,15.53232479095459,10.440406799316406,0.70,0.63,0.72,0.61,False
1750793272.5214243,15.53232479095459,10.440406799316406,0.70,0.63,0.72,0.63,False
1750793272.6111853,16.53037452697754,17.585603713989258,0.75,1.05,0.72,0.72,False
1750793272.6989732,15.07491397857666,10.440406799316406,0.68,0.63,0.71,0.71,False
1750793272.7878757,9.708344459533691,9.65670394897461,0.44,0.58,0.66,0.70,False
1750793272.873089,15.628600120544434,9.34087085723877,0.71,0.56,0.66,0.69,False
1750793272.9468915,15.572511672973633,9.962529182434082,0.70,0.60,0.66,0.68,False
1750793273.0378318,16.07025718688965,9.65670394897461,0.73,0.58,0.65,0.59,False
1750793273.1254148,11.884963989257812,12.510096549987793,0.54,0.75,0.62,0.61,False
1750793273.2111845,16.041189193725586,12.649210929870605,0.73,0.76,0.68,0.65,False
1750793273.2995126,16.041189193725586,12.649210929870605,0.73,0.76,0.68,0.69,False
1750793273.3902693,11.768702507019043,12.369417190551758,0.53,0.74,0.65,0.72,False
1750793273.4790685,15.628600120544434,13.285429954528809,0.71,0.80,0.65,0.76,False
1750793273.5548298,15.07491397857666,13.601571083068848,0.68,0.82,0.67,0.77,False
1750793273.6336188,15.572511672973633,13.124505043029785,0.70,0.79,0.67,0.78,False
1750793273.721386,21.58713150024414,12.747649192810059,0.98,0.76,0.72,0.78,False
1750793273.8111784,15.890348434448242,16.77060890197754,0.72,1.01,0.76,0.83,False
1750793273.903932,15.041708946228027,18.06941032409668,0.68,1.08,0.75,0.89,False
1750793273.9837182,15.787753105163574,12.500100135803223,0.71,0.75,0.76,0.88,False
1750793274.0694907,20.61562728881836,26.879459381103516,0.93,1.61,0.81,1.04,False
1750793274.1432052,13.032378196716309,12.855060577392578,0.59,0.77,0.73,1.04,False
1750793274.2200005,15.787753105163574,12.257750511169434,0.71,0.74,0.73,0.99,False
1750793274.2997856,0,26.386648178100586,0.00,1.58,0.59,1.09,False
1750793274.3899672,26.96767234802246,18.110870361328125,1.22,1.09,0.69,1.16,False
1750793274.4851303,11.884963989257812,18.172880172729492,0.54,1.09,0.61,1.05,False
1750793274.5698066,7.905794143676758,16.688419342041016,0.36,1.00,0.57,1.10,False
1750793274.6752884,19.557706832885742,26.96767234802246,0.89,1.62,0.60,1.28,False
1750793274.769062,19.81171226501465,0,0.90,0.00,0.78,0.96,False
1750793274.8598192,16.86722755432129,27.372529983520508,0.76,1.64,0.69,1.07,False
1750793274.9377756,19.646982192993164,18.24838638305664,0.89,1.09,0.76,1.07,False
1750793275.0235467,21.10104751586914,18.681640625,0.96,1.12,0.88,1.09,False
1750793275.114304,19.81171226501465,26.879459381103516,0.90,1.61,0.88,1.09,False
1750793275.2040648,0,17.720144271850586,0.00,1.06,0.70,1.31,False
1750793275.2938929,20.52447509765625,18.554075241088867,0.93,1.11,0.73,1.20,False
1750793275.38465,19.319778442382812,27.45915985107422,0.87,1.65,0.73,1.31,False
1750793275.4774022,19.319778442382812,18.06941032409668,0.87,1.08,0.72,1.30,False
1750793275.5681598,26.96767234802246,19.163867950439453,1.22,1.15,0.78,1.21,False
1750793275.658916,0,17.846668243408203,0.00,1.07,0.78,1.21,False
1750793275.7408507,0,26.96767234802246,0.00,1.62,0.59,1.31,False
1750793275.8095767,0,11.884963989257812,0.00,0.71,0.42,1.13,False
1750793275.8908002,0,11.884963989257812,0.00,0.71,0.24,1.05,False
1750793275.9795625,19.72951889038086,18.741764068603516,0.89,1.12,0.18,1.05,False
1750793276.074346,19.319778442382812,18.200374603271484,0.87,1.09,0.35,1.05,False
1750793276.1570039,0,16.007909774780273,0.00,0.96,0.35,0.92,False
1750793276.251751,19.300357818603516,26.386648178100586,0.87,1.58,0.53,1.09,False
1750793276.3425083,26.019323348999023,12.500100135803223,1.18,0.75,0.76,1.10,False
1750793276.4302738,26.96767234802246,13.124505043029785,1.22,0.79,0.83,1.03,False
1750793276.503079,19.9061279296875,0,0.90,0.00,0.83,0.82,False
1750793276.596315,19.9061279296875,0,0.90,0.00,1.01,0.62,False
1750793276.685077,0,18.828269958496094,0.00,1.13,0.84,0.53,False
1750793276.7713177,8.077847480773926,17.678600311279297,0.37,1.06,0.68,0.60,False
1750793276.8721602,10.2108793258667,26.476503372192383,0.46,1.59,0.53,0.76,False
1750793276.9553978,0,12.659089088439941,0.00,0.76,0.35,0.91,False
1750793277.0509393,0,12.855060577392578,0.00,0.77,0.17,1.06,False
1750793277.1426947,13.238302230834961,26.879459381103516,0.60,1.61,0.29,1.16,False
1750793277.2204845,0,25.985671997070312,0.00,1.56,0.21,1.26,False
1750793277.3123164,8.573515892028809,7.905794143676758,0.39,0.47,0.20,1.03,False
1750793277.4005246,8.573515892028809,7.905794143676758,0.39,0.47,0.28,0.98,False
1750793277.4794433,25.985671997070312,18.554075241088867,1.18,1.11,0.51,1.05,False
1750793277.565214,0,0,0.00,0.00,0.39,0.72,False
1750793277.6539757,11.70479965209961,14.430970191955566,0.53,0.87,0.50,0.59,False
1750793277.7447345,13.463011741638184,16.688419342041016,0.61,1.00,0.54,0.69,False
1750793277.820533,7.905794143676758,15.628600120544434,0.36,0.94,0.53,0.78,False
1750793277.9033103,0,18.828269958496094,0.00,1.13,0.30,0.79,False
1750793277.9930716,0,18.828269958496094,0.00,1.13,0.30,1.01,False
1750793278.0821624,0,0,0.00,0.00,0.19,0.84,False
1750793278.172963,0,0,0.00,0.00,0.07,0.64,False
1750793278.2617192,9.394247055053711,17.10272979736328,0.43,1.03,0.09,0.66,False
1750793278.350483,19.163867950439453,7.826338291168213,0.87,0.47,0.26,0.52,False
1750793278.435933,0,19.235483169555664,0.00,1.15,0.26,0.53,False
1750793278.5236995,17.47319793701172,11.399998664855957,0.79,0.68,0.42,0.67,False
1750793278.6132197,19.026397705078125,9.823541641235352,0.86,0.59,0.59,0.78,False
1750793278.701983,20.025083541870117,19.52572250366211,0.91,1.17,0.69,0.81,False
1750793278.8177898,15.53232479095459,8.544103622436523,0.70,0.51,0.65,0.82,False
1750793278.949298,25.811918258666992,21.023895263671875,1.17,1.26,0.89,0.84,False
1750793279.0291166,15.07491397857666,9.219644546508789,0.68,0.55,0.86,0.82,False
1750793279.1430042,15.07491397857666,9.219644546508789,0.68,0.55,0.83,0.81,False
1750793279.255699,12.649210929870605,8.500100135803223,0.57,0.51,0.76,0.68,False
1750793279.3614283,20.025083541870117,8.077847480773926,0.91,0.48,0.80,0.67,False
1750793279.4697492,11.280613899230957,16.86722755432129,0.51,1.01,0.67,0.62,False
1750793279.5595105,12.500100135803223,25.894113540649414,0.57,1.55,0.65,0.82,False
1750793279.6620033,16.568140029907227,10.30786418914795,0.75,0.62,0.66,0.84,False
1750793279.7551625,16.124614715576172,10.000123977661133,0.73,0.60,0.69,0.85,False
1750793279.8558922,11.068072319030762,15.890348434448242,0.50,0.95,0.61,0.95,False
1750793279.944821,16.53037452697754,9.291393280029297,0.75,0.56,0.66,0.86,False
1750793280.0401156,15.692455291748047,10.489261627197266,0.71,0.63,0.69,0.67,False
1750793280.1169116,10.981795310974121,11.157316207885742,0.50,0.67,0.64,0.68,False
1750793280.2066715,10.981795310974121,11.157316207885742,0.50,0.67,0.59,0.70,False
1750793280.3004205,18.656768798828125,11.029006004333496,0.84,0.66,0.66,0.64,False
1750793280.3881855,18.3116397857666,18.554075241088867,0.83,1.11,0.68,0.75,False
1750793280.4789436,11.075823783874512,10.966753005981445,0.50,0.66,0.63,0.75,False
1750793280.5736907,18.344036102294922,20.012596130371094,0.83,1.20,0.70,0.86,False
1750793280.6687942,17.86766815185547,10.739267349243164,0.81,0.64,0.76,0.86,False
1750793280.7555628,16.80783462524414,11.544970512390137,0.76,0.69,0.75,0.86,False
1750793280.8503094,18.06941032409668,19.81171226501465,0.82,1.19,0.74,0.88,False
1750793280.9400702,18.344036102294922,12.379518508911133,0.83,0.74,0.81,0.89,False
1750793281.030268,11.617537498474121,11.419435501098633,0.53,0.68,0.75,0.79,False
1750793281.1236777,18.38760757446289,12.051721572875977,0.83,0.72,0.75,0.81,False
1750793281.2144365,18.082435607910156,0,0.82,0.00,0.77,0.67,False
1750793281.3065877,0,17.088544845581055,0.00,1.02,0.60,0.63,False
1750793281.4007435,16.446983337402344,6.435160160064697,0.74,0.39,0.58,0.56,False
1750793281.5039356,0,13.096028327941895,0.00,0.79,0.48,0.58,False
1750793281.5980408,13.647443771362305,9.708344459533691,0.62,0.58,0.44,0.56,False
1750793281.6822789,18.614686965942383,16.13248634338379,0.84,0.97,0.44,0.75,False
1750793281.759361,15.377213478088379,8.631438255310059,0.70,0.52,0.58,0.65,False
1750793281.8421407,0,6.604560852050781,0.00,0.40,0.43,0.65,False
1750793281.9289064,15.396646499633789,15.700418472290039,0.70,0.94,0.57,0.68,False
1750793282.021808,17.392410278320312,12.530064582824707,0.79,0.75,0.60,0.71,False
